{"cameraMode":{"drawMode":0,"name":"Shaded","section":"Shading Mode"},"sceneLighting":true,"audioPlay":false,"sceneViewState":{"showFog":true,"showMaterialUpdate":false,"showSkybox":true,"showFlares":true,"showImageEffects":true,"showParticleSystems":true},"in2DMode":false,"pivot":{"x":1.5399773120880128,"y":-1.9970855712890626,"z":10.530174255371094},"rotation":{"x":0.23074579238891602,"y":0.5559307932853699,"z":-0.16414397954940797,"w":0.7815197110176086},"size":2.648365020751953,"orthographic":true}